/american_football/football_coach/coaching_history./american_football/football_historical_coach_position/team	0
/american_football/football_player/current_team./american_football/football_roster_position/position	1
/american_football/football_player/current_team./american_football/football_roster_position/team	2
/american_football/football_player/current_team./sports/sports_team_roster/team	3
/american_football/football_player/former_teams./american_football/football_historical_roster_position/position_s	4
/american_football/football_player/former_teams./american_football/football_historical_roster_position/team	5
/american_football/football_player/former_teams./sports/sports_team_roster/position	6
/american_football/football_player/former_teams./sports/sports_team_roster/team	7
/american_football/football_player/games./american_football/player_game_statistics/season	8
/american_football/football_player/games./american_football/player_game_statistics/team	9
/american_football/football_player/passing./american_football/player_passing_statistics/season	10
/american_football/football_player/passing./american_football/player_passing_statistics/team	11
/american_football/football_player/position_s	12
/american_football/football_player/receiving./american_football/player_receiving_statistics/season	13
/american_football/football_player/receiving./american_football/player_receiving_statistics/team	14
/american_football/football_player/rushing./american_football/player_rushing_statistics/season	15
/american_football/football_player/rushing./american_football/player_rushing_statistics/team	16
/american_football/football_position/players	17
/american_football/football_team/current_roster./american_football/football_roster_position/player	18
/american_football/football_team/current_roster./american_football/football_roster_position/position	19
/american_football/football_team/current_roster./sports/sports_team_roster/player	20
/american_football/football_team/current_roster./sports/sports_team_roster/position	21
/american_football/football_team/historical_coaching_staff./american_football/football_historical_coach_position/coach	22
/american_football/football_team/historical_roster./american_football/football_historical_roster_position/player	23
/american_football/football_team/historical_roster./american_football/football_historical_roster_position/position_s	24
/american_football/football_team/historical_roster./sports/sports_team_roster/player	25
/american_football/football_team/historical_roster./sports/sports_team_roster/position	26
/architecture/architect/architectural_style	27
/architecture/architectural_style/architects	28
/architecture/architectural_style/examples	29
/architecture/museum/address./location/mailing_address/citytown	30
/architecture/museum/address./location/mailing_address/state_province_region	31
/architecture/museum/type_of_museum	32
/architecture/structure/address./location/mailing_address/citytown	33
/architecture/structure/architectural_style	34
/architecture/structure/construction_cost./measurement_unit/money_value/currency	35
/architecture/type_of_museum/museums	36
/astronomy/celestial_object/category	37
/astronomy/celestial_object_category/objects	38
/astronomy/orbital_relationship/orbited_by	39
/astronomy/orbital_relationship/orbits	40
/astronomy/star_system/planetary_system	41
/astronomy/star_system_body/star_system	42
/aviation/aircraft_manufacturer/aircraft_models_made	43
/aviation/aircraft_model/aircraft_type	44
/aviation/aircraft_model/number_owned_by./aviation/aircraft_ownership_count/aircraft_owner	45
/aviation/aircraft_owner/aircraft_fleet_composition./aviation/aircraft_ownership_count/aircraft_model	46
/aviation/aircraft_type/aircraft_of_this_type	47
/aviation/airline/airports_served./aviation/airline_airport_presence/airport	48
/aviation/airline/airports_served./aviation/airline_airport_presence/cities_served	49
/aviation/airline/alliance	50
/aviation/airline/focus_cities	51
/aviation/airline/hubs	52
/aviation/airline_alliance/member_airlines	53
/aviation/airliner_accident/flight_destination	54
/aviation/airport/airlines./aviation/airline_airport_presence/airline	55
/aviation/airport/airlines./aviation/airline_airport_presence/cities_served	56
/aviation/airport/focus_city_for	57
/aviation/airport/hub_for	58
/aviation/airport/serves	59
/award/award/category	60
/award/award/presented_by	61
/award/award_category/category_of	62
/award/award_category/disciplines_or_subjects	63
/award/award_category/long_lists./award/long_list_nomination/nominee	64
/award/award_category/nominees./award/award_nomination/award_nominee	65
/award/award_category/nominees./award/award_nomination/nominated_for	66
/award/award_category/presenting_organization	67
/award/award_category/winners./award/award_honor/award_winner	68
/award/award_category/winners./award/award_honor/ceremony	69
/award/award_category/winners./award/award_honor/honored_for	70
/award/award_ceremony/awards_presented./award/award_honor/award	71
/award/award_ceremony/awards_presented./award/award_honor/award_winner	72
/award/award_ceremony/awards_presented./award/award_honor/honored_for	73
/award/award_discipline/awards_in_this_discipline	74
/award/award_nominated_work/award_nominations./award/award_nomination/award	75
/award/award_nominated_work/award_nominations./award/award_nomination/award_nominee	76
/award/award_nominated_work/award_nominations./award/award_nomination/nominated_for	77
/award/award_nominee/award_nominations./award/award_nomination/award	78
/award/award_nominee/award_nominations./award/award_nomination/award_nominee	79
/award/award_nominee/award_nominations./award/award_nomination/nominated_for	80
/award/award_presenting_organization/award_categories_presented	81
/award/award_presenting_organization/awards_presented	82
/award/award_winner/awards_won./award/award_honor/award	83
/award/award_winner/awards_won./award/award_honor/award_winner	84
/award/award_winner/awards_won./award/award_honor/ceremony	85
/award/award_winner/awards_won./award/award_honor/honored_for	86
/award/award_winning_work/awards_won./award/award_honor/award	87
/award/award_winning_work/awards_won./award/award_honor/award_winner	88
/award/award_winning_work/awards_won./award/award_honor/ceremony	89
/award/award_winning_work/awards_won./award/award_honor/honored_for	90
/award/competition/instance_of_recurring_competition	91
/award/hall_of_fame/discipline	92
/award/hall_of_fame/inductees./award/hall_of_fame_induction/inductee	93
/award/hall_of_fame_discipline/halls_of_fame	94
/award/hall_of_fame_inductee/hall_of_fame_inductions./award/hall_of_fame_induction/category	95
/award/hall_of_fame_inductee/hall_of_fame_inductions./award/hall_of_fame_induction/hall_of_fame	96
/award/hall_of_fame_induction_category/inductees./award/hall_of_fame_induction/inductee	97
/award/long_list_nominee/long_list_nominations./award/long_list_nomination/award	98
/award/ranked_item/appears_in_ranked_lists./award/ranking/list	99
/award/ranked_list/ranked_list_items./award/ranking/item	100
/award/recurring_competition/individual_competitions	101
/base/aareas/schema/administrative_area/administrative_children	102
/base/aareas/schema/administrative_area/administrative_parent	103
/base/aareas/schema/administrative_area/capital	104
/base/academyawards/host_of_oscar_show/oscar_show_hosted	105
/base/activism/activism_issue/activist_organizations	106
/base/activism/activism_issue/activists	107
/base/activism/activist/area_of_activism	108
/base/activism/organization/area_of_activism	109
/base/americancomedy/celebrity_impressionist/celebrities_impersonated	110
/base/americancomedy/comedian/comedy_genres	111
/base/americancomedy/comedy_genre/comedians_in_this_genre	112
/base/americancomedy/comedy_group/members./base/americancomedy/comedy_group_membership/member	113
/base/americancomedy/comedy_group_member/belongs_to./base/americancomedy/comedy_group_membership/group	114
/base/americancomedy/impersonated_celebrity/impersonated_by	115
/base/argumentmaps/abstract_moral_dispute/particular_instances	116
/base/argumentmaps/innovator/original_ideas	117
/base/argumentmaps/morally_disputed_activity/instance_of_abstract_moral_dispute	118
/base/argumentmaps/original_idea/innovator	119
/base/biblioness/bibs_location/city	120
/base/biblioness/bibs_location/country	121
/base/biblioness/bibs_location/state	122
/base/bioventurist/bv_medical_condition/company_involved	123
/base/bioventurist/science_or_technology_company/develops_treatments_for_disease	124
/base/crime/convicted_criminal/convictions./base/crime/criminal_conviction/guilty_of	125
/base/crime/convicted_criminal/convictions./base/crime/criminal_conviction/sentence_type	126
/base/crime/crime_victim/crime_type	127
/base/culturalevent/event/entity_involved	128
/base/disaster2/tactic/attacks_of_this_form./base/disaster2/attack_process/attack_event	129
/base/eating/diets/people_who_follow_this_diet	130
/base/eating/practicer_of_diet/diet	131
/base/ecology/ecosystem/ecosystem_members	132
/base/ecology/food_web_member/belongs_to_ecosystem_s	133
/base/endorsements/endorsee/newspaper_endorsements./base/endorsements/newspaper_endorsement/newspaper	134
/base/endorsements/endorsing_newspaper/endorsements./base/endorsements/newspaper_endorsement/election	135
/base/endorsements/endorsing_newspaper/endorsements./base/endorsements/newspaper_endorsement/endorsee	136
/base/events/festival_series/type_of_festival	137
/base/events/performer/performances./base/events/performance/performer	138
/base/events/type_of_festival/recurring_festivals_of_this_type	139
/base/famouspets/pet_owner/pets_owned./base/famouspets/pet_ownership/owner	140
/base/fashionmodels/fashion_model/hair_color	141
/base/fashionmodels/hair_color/fashion_models_with_this_hair_color	142
/base/fight/crime_type/included_in_crimes	143
/base/fight/crime_type/includes_crimes	144
/base/fight/crime_type/people_convicted_of_this_crime./base/crime/criminal_conviction/convicted_person	145
/base/fight/crime_type/people_convicted_of_this_crime./base/crime/criminal_conviction/guilty_of	146
/base/fight/crime_type/victims_of_this_crime_type	147
/base/fight/sentence/convictions./base/crime/criminal_conviction/convicted_person	148
/base/fight/sports_official/sport	149
/base/infrastructure/power_plant_type/power_station	150
/base/infrastructure/power_station/fuel_type	151
/base/localfood/food_producing_region/seasonal_availability./base/localfood/produce_availability/produce	152
/base/localfood/produce/availability./base/localfood/produce_availability/location	153
/base/localfood/produce/availability./base/localfood/produce_availability/seasonal_months	154
/base/localfood/seasonal_month/produce_available./base/localfood/produce_availability/produce	155
/base/localfood/seasonal_month/produce_available./base/localfood/produce_availability/seasonal_months	156
/base/locations/continents/countries_within	157
/base/locations/countries/continent	158
/base/marchmadness/ncaa_basketball_team/ncaa_tournament_seeds./base/marchmadness/ncaa_tournament_seed/tournament	159
/base/marchmadness/ncaa_basketball_tournament/seeds./base/marchmadness/ncaa_tournament_seed/team	160
/base/newsevents/news_reported_event/news_report_s./base/newsevents/news_report/news_reporting_organisation	161
/base/newsevents/news_reporting_organisation/news_reports./base/newsevents/news_report/event	162
/base/nobelprizes/nobel_prize_winner/nobel_honor./base/nobelprizes/nobel_honor/subject_area	163
/base/nobelprizes/nobel_subject_area/nobel_awards./base/nobelprizes/nobel_honor/nobel_prize_winner	164
/base/nobelprizes/nobel_subject_area/nobel_awards./base/nobelprizes/nobel_honor/subject_area	165
/base/onephylogeny/type_of_thing/included_in	166
/base/onephylogeny/type_of_thing/includes	167
/base/onephylogeny/type_of_thing/things_of_this_type	168
/base/parody/parodied_subject/parodies	169
/base/parody/parody/parody_of	170
/base/patronage/client/related_patron./base/patronage/patron_client_relationship/patron	171
/base/patronage/patron/related_client./base/patronage/patron_client_relationship/client	172
/base/petbreeds/city_with_dogs/top_breeds./base/petbreeds/dog_city_relationship/dog_breed	173
/base/petbreeds/dog_breed/cities_where_this_dog_is_popular./base/petbreeds/dog_city_relationship/cities	174
/base/petbreeds/dog_breed/color	175
/base/petbreeds/dog_breed/size./base/petbreeds/dog_size/gender	176
/base/petbreeds/dog_coat_color/dog_breeds	177
/base/popstra/business_location/customer./base/popstra/hangout/customer	178
/base/popstra/celebrity/bought./base/popstra/product_choice/product	179
/base/popstra/celebrity/breakup./base/popstra/breakup/participant	180
/base/popstra/celebrity/canoodled./base/popstra/canoodled/participant	181
/base/popstra/celebrity/dated./base/popstra/dated/participant	182
/base/popstra/celebrity/eats_at./base/popstra/restaurant_choice/restaurant	183
/base/popstra/celebrity/endorsements./base/popstra/paid_support/company	184
/base/popstra/celebrity/friendship./base/popstra/friendship/participant	185
/base/popstra/celebrity/hangout./base/popstra/hangout/business_location	186
/base/popstra/celebrity/lived_with./base/popstra/lived_with/participant	187
/base/popstra/celebrity/religion./base/popstra/religion_choice/religion	188
/base/popstra/celebrity/shops_at./base/popstra/shopping_choice/company	189
/base/popstra/celebrity/supporter./base/popstra/support/supported_organization	190
/base/popstra/celebrity/vacations_in./base/popstra/vacation_choice/location	191
/base/popstra/celebrity/wears./base/popstra/fashion_choice/designer	192
/base/popstra/company/fashion_choice./base/popstra/fashion_choice/fashion_wearer	193
/base/popstra/company/product_endorser./base/popstra/paid_support/endorser	194
/base/popstra/company/shopping_choice./base/popstra/shopping_choice/shopper	195
/base/popstra/location/vacationers./base/popstra/vacation_choice/vacationer	196
/base/popstra/organization/supporter./base/popstra/support/supporter	197
/base/popstra/product/sold_to./base/popstra/product_choice/consumer	198
/base/popstra/religion/membership./base/popstra/religion_choice/member	199
/base/popstra/restaurant/restaurant_choice./base/popstra/restaurant_choice/diner	200
/base/rugby/rugby_player/type_of_rugby	201
/base/saints/saint/venerated_in	202
/base/saturdaynightlive/snl_cast_member/seasons./base/saturdaynightlive/snl_season_tenure/cast_members	203
/base/schemastaging/athlete_extra/salary./base/schemastaging/athlete_salary/currency	204
/base/schemastaging/athlete_extra/salary./base/schemastaging/athlete_salary/team	205
/base/schemastaging/fish/found_in	206
/base/schemastaging/organization_extra/phone_number./base/schemastaging/phone_open_times/time_zone	207
/base/schemastaging/organization_extra/phone_number./base/schemastaging/phone_sandbox/contact_category	208
/base/schemastaging/organization_extra/phone_number./base/schemastaging/phone_sandbox/product_or_service	209
/base/schemastaging/organization_extra/phone_number./base/schemastaging/phone_sandbox/service_language	210
/base/schemastaging/organization_extra/phone_number./base/schemastaging/phone_sandbox/service_location	211
/base/schemastaging/person_extra/net_worth./measurement_unit/dated_money_value/currency	212
/base/schemastaging/person_extra/net_worth./measurement_unit/dated_money_value/source	213
/base/schemastaging/tv_actor_extra/regular_dubbing_performances./base/schemastaging/tv_star_dubbing_performance/language	214
/base/schemastaging/tv_actor_extra/regular_dubbing_performances./base/schemastaging/tv_star_dubbing_performance/program	215
/base/schemastaging/tv_character_extra/regular_dubbing_performances./base/schemastaging/tv_star_dubbing_performance/language	216
/base/schemastaging/tv_character_extra/regular_dubbing_performances./base/schemastaging/tv_star_dubbing_performance/program	217
/base/schemastaging/tv_program_extra/regular_dubbing_performances./base/schemastaging/tv_star_dubbing_performance/actor	218
/base/schemastaging/tv_program_extra/regular_dubbing_performances./base/schemastaging/tv_star_dubbing_performance/character	219
/base/schemastaging/tv_program_extra/regular_dubbing_performances./base/schemastaging/tv_star_dubbing_performance/language	220
/base/thoroughbredracing/thoroughbred_racehorse/color	221
/base/thoroughbredracing/thoroughbred_racehorse/country	222
/base/thoroughbredracing/thoroughbred_racehorse/sex	223
/base/thoroughbredracing/thoroughbred_racehorse_color/horses_of_this_color	224
/base/thoroughbredracing/thoroughbred_racehorse_origin/horses_from_this_location	225
/base/thoroughbredracing/thoroughbred_racehorse_sex/horses_of_this_sex	226
/base/twinnedtowns/twinned_town/twinned_with./base/twinnedtowns/town_twinning/twinned_towns	227
/base/usnationalparks/us_national_park/state	228
/base/wrestling/professional_wrestler/member_of_team	229
/base/wrestling/solo_wrestler_or_team/members	230
/base/x2010fifaworldcupsouthafrica/world_cup_participant/world_cup_team./base/x2010fifaworldcupsouthafrica/current_world_cup_squad/current_club	231
/base/x2010fifaworldcupsouthafrica/world_cup_participant/world_cup_team./base/x2010fifaworldcupsouthafrica/current_world_cup_squad/national_team	232
/base/x2010fifaworldcupsouthafrica/world_cup_participant/world_cup_team./base/x2010fifaworldcupsouthafrica/current_world_cup_squad/position	233
/base/x2010fifaworldcupsouthafrica/world_cup_squad/current_world_cup_squad./base/x2010fifaworldcupsouthafrica/current_world_cup_squad/current_club	234
/base/x2010fifaworldcupsouthafrica/world_cup_squad/current_world_cup_squad./base/x2010fifaworldcupsouthafrica/current_world_cup_squad/players	235
/base/x2010fifaworldcupsouthafrica/world_cup_squad/current_world_cup_squad./base/x2010fifaworldcupsouthafrica/current_world_cup_squad/position	236
/base/yalebase/secret_society/notable_members./base/yalebase/secret_society_membership/member	237
/base/yalebase/secret_society_member/belonged_to./base/yalebase/secret_society_membership/society	238
/baseball/baseball_league/teams	239
/baseball/baseball_player/batting_stats./baseball/batting_statistics/season	240
/baseball/baseball_player/batting_stats./baseball/batting_statistics/team	241
/baseball/baseball_player/current_team./baseball/baseball_roster_position/position	242
/baseball/baseball_player/current_team./baseball/baseball_roster_position/team	243
/baseball/baseball_player/current_team./sports/sports_team_roster/position	244
/baseball/baseball_player/current_team./sports/sports_team_roster/team	245
/baseball/baseball_player/former_teams./baseball/baseball_historical_roster_position/team	246
/baseball/baseball_player/former_teams./sports/sports_team_roster/team	247
/baseball/baseball_player/position_s	248
/baseball/baseball_position/players	249
/baseball/baseball_team/current_roster./baseball/baseball_roster_position/player	250
/baseball/baseball_team/current_roster./baseball/baseball_roster_position/position	251
/baseball/baseball_team/current_roster./sports/sports_team_roster/player	252
/baseball/baseball_team/current_roster./sports/sports_team_roster/position	253
/baseball/baseball_team/historical_roster./baseball/baseball_historical_roster_position/player	254
/baseball/baseball_team/historical_roster./sports/sports_team_roster/player	255
/baseball/baseball_team/league	256
/baseball/baseball_team/team_stats./baseball/baseball_team_stats/season	257
/basketball/basketball_player/former_teams./basketball/basketball_historical_roster_position/team	258
/basketball/basketball_player/former_teams./sports/sports_team_roster/team	259
/basketball/basketball_player/player_statistics./basketball/basketball_player_stats/team	260
/basketball/basketball_player/position_s	261
/basketball/basketball_player/team./basketball/basketball_roster_position/position	262
/basketball/basketball_player/team./basketball/basketball_roster_position/team	263
/basketball/basketball_player/team./sports/sports_team_roster/position	264
/basketball/basketball_player/team./sports/sports_team_roster/team	265
/basketball/basketball_position/player_roster_position./basketball/basketball_roster_position/player	266
/basketball/basketball_position/player_roster_position./basketball/basketball_roster_position/team	267
/basketball/basketball_position/player_roster_position./sports/sports_team_roster/player	268
/basketball/basketball_position/player_roster_position./sports/sports_team_roster/team	269
/basketball/basketball_position/players	270
/basketball/basketball_team/historical_roster./basketball/basketball_historical_roster_position/player	271
/basketball/basketball_team/historical_roster./sports/sports_team_roster/player	272
/basketball/basketball_team/roster./basketball/basketball_roster_position/player	273
/basketball/basketball_team/roster./basketball/basketball_roster_position/position	274
/basketball/basketball_team/roster./sports/sports_team_roster/player	275
/basketball/basketball_team/roster./sports/sports_team_roster/position	276
/biology/animal_breed/breed_of	277
/biology/animal_breed/place_of_origin	278
/biology/animal_breed/registered_with./biology/breed_registration/registry	279
/biology/breed_origin/breeds_originating_here	280
/biology/breed_registry/recognized_breeds./biology/breed_registration/breed	281
/biology/domesticated_animal/breeds	282
/biology/organism/organism_type	283
/biology/organism/sex	284
/biology/organism_classification/higher_classification	285
/biology/organism_classification/lower_classifications	286
/biology/organism_classification/organisms_of_this_type	287
/biology/organism_classification/rank	288
/biology/organism_classification_rank/organism_classifications	289
/book/author/school_or_movement	290
/book/author/series_written_or_contributed_to	291
/book/author/works_written	292
/book/book/genre	293
/book/book_subject/works	294
/book/literary_series/author_s	295
/book/magazine/genre	296
/book/magazine_genre/magazines_in_this_genre	297
/book/newspaper/circulation_areas	298
/book/newspaper/headquarters./location/mailing_address/citytown	299
/book/periodical/subjects	300
/book/periodical_format/periodicals_in_this_format./book/periodical_format_period/periodical	301
/book/periodical_subject/periodicals	302
/book/school_or_movement/associated_authors	303
/book/written_work/author	304
/book/written_work/original_language	305
/book/written_work/subjects	306
/broadcast/artist/content	307
/broadcast/broadcast/area_served	308
/broadcast/broadcast/content	309
/broadcast/broadcast/distributor	310
/broadcast/content/artist	311
/broadcast/content/broadcast	312
/broadcast/content/genre	313
/broadcast/content/language	314
/broadcast/content/producer	315
/broadcast/distributor/distributes	316
/broadcast/genre/content	317
/broadcast/producer/produces	318
/broadcast/tv_station/owner	319
/broadcast/tv_station_owner/tv_stations	320
/business/asset/owners./business/asset_ownership/owner	321
/business/asset_owner/assets_owned./business/asset_ownership/owned_asset	322
/business/board_member/leader_of./organization/leadership/organization	323
/business/board_member/leader_of./organization/leadership/role	324
/business/board_member/organization_board_memberships./organization/organization_board_membership/organization	325
/business/board_member/organization_board_memberships./organization/organization_board_membership/role	326
/business/brand/owner_s./business/company_brand_relationship/company	327
/business/business_operation/assets./measurement_unit/dated_money_value/currency	328
/business/business_operation/industry	329
/business/business_operation/net_profit./measurement_unit/dated_money_value/currency	330
/business/business_operation/operating_income./measurement_unit/dated_money_value/currency	331
/business/business_operation/revenue./measurement_unit/dated_money_value/currency	332
/business/company_type/companies_of_this_type	333
/business/consumer_company/brands./business/company_brand_relationship/brand	334
/business/consumer_company/products./business/company_product_relationship/consumer_product	335
/business/consumer_product/company./business/company_product_relationship/company	336
/business/employer/employees./business/employment_tenure/person	337
/business/employer/employees./business/employment_tenure/title	338
/business/industry/companies	339
/business/job_title/people_with_this_title./business/employment_tenure/company	340
/business/job_title/people_with_this_title./business/employment_tenure/person	341
/business/sponsor/sponsorship./business/sponsorship/sponsored_recipient	342
/business/sponsored_recipient/sponsorship./business/sponsorship/sponsored_by	343
/celebrities/celebrity/celebrity_friends./celebrities/friendship/friend	344
/celebrities/celebrity/sexual_orientation./celebrities/sexual_orientation_phase/sexual_orientation	345
/celebrities/celebrity/sexual_relationships./celebrities/romantic_relationship/celebrity	346
/celebrities/sexual_orientation/celebrities./celebrities/sexual_orientation_phase/celebrity	347
/chemistry/chemical_compound/solubility./chemistry/solubility_relationship/solvent	348
/comic_books/comic_book_character/created_by	349
/comic_books/comic_book_character/primary_universe	350
/comic_books/comic_book_character/regular_featured_appearances	351
/comic_books/comic_book_creator/characters_created	352
/comic_books/comic_book_fictional_universe/characters_primarily_appearing_in_this_universe	353
/comic_books/comic_book_publisher/comic_book_series_published	354
/comic_books/comic_book_series/featured_characters	355
/comic_books/comic_book_series/publisher	356
/common/resource/annotations./common/webpage/topic	357
/common/topic/webpage./common/webpage/resource	358
/common/topic/webpage./common/webpage/topic	359
/computer/computer/manufacturer	360
/computer/computer_manufacturer_brand/computer_models	361
/computer/operating_system/developer	362
/computer/operating_system/includes_os_versions	363
/computer/operating_system/parent_os	364
/computer/operating_system_developer/operating_systems_developed	365
/computer/programming_language/influenced	366
/computer/programming_language/influenced_by	367
/computer/programming_language/language_paradigms	368
/computer/programming_language_paradigm/languages	369
/computer/software/compatible_oses./computer/software_compatibility/operating_system	370
/computer/software/developer	371
/computer/software/languages_used	372
/computer/software/license	373
/computer/software/software_genre	374
/computer/software_developer/software	375
/computer/software_genre/software_in_genre	376
/cvg/computer_game_subject/games	377
/cvg/computer_videogame/characters./cvg/game_performance/character	378
/cvg/computer_videogame/characters./cvg/game_performance/voice_actor	379
/cvg/computer_videogame/cvg_genre	380
/cvg/computer_videogame/designers	381
/cvg/computer_videogame/developer	382
/cvg/computer_videogame/gameplay_modes	383
/cvg/computer_videogame/prequel	384
/cvg/computer_videogame/publisher	385
/cvg/computer_videogame/sequel	386
/cvg/computer_videogame/subjects	387
/cvg/cvg_designer/games_designed	388
/cvg/cvg_developer/games_developed	389
/cvg/cvg_genre/games	390
/cvg/cvg_publisher/games_published	391
/cvg/game_character/games./cvg/game_performance/game	392
/cvg/game_voice_actor/computer_game_voice_performances./cvg/game_performance/game	393
/cvg/gameplay_mode/games_with_this_mode	394
/dataworld/gardening_hint/split_to	395
/dining/cuisine/dishes	396
/dining/cuisine/ingredients	397
/dining/cuisine/restaurant	398
/dining/restaurant/cuisine	399
/education/academic/advisees	400
/education/academic/advisors	401
/education/academic/appointments_fellowships_etc./education/academic_post/institution	402
/education/academic/research_areas	403
/education/academic_institution/visiting_scholars_fellows_etc./education/academic_post/person	404
/education/educational_degree/people_with_this_degree./education/education/institution	405
/education/educational_degree/people_with_this_degree./education/education/major_field_of_study	406
/education/educational_degree/people_with_this_degree./education/education/minor	407
/education/educational_degree/people_with_this_degree./education/education/specialization	408
/education/educational_degree/people_with_this_degree./education/education/student	409
/education/educational_institution/campuses	410
/education/educational_institution/colors	411
/education/educational_institution/mascot	412
/education/educational_institution/parent_institution	413
/education/educational_institution/school_type	414
/education/educational_institution/sexes_accepted./education/gender_enrollment/sex	415
/education/educational_institution/sports_teams	416
/education/educational_institution/students_graduates./education/education/degree	417
/education/educational_institution/students_graduates./education/education/major_field_of_study	418
/education/educational_institution/students_graduates./education/education/minor	419
/education/educational_institution/students_graduates./education/education/specialization	420
/education/educational_institution/students_graduates./education/education/student	421
/education/educational_institution/subsidiary_or_constituent_schools	422
/education/educational_institution_campus/educational_institution	423
/education/field_of_study/academics_in_this_field	424
/education/field_of_study/students_majoring./education/education/degree	425
/education/field_of_study/students_majoring./education/education/institution	426
/education/field_of_study/students_majoring./education/education/major_field_of_study	427
/education/field_of_study/students_majoring./education/education/minor	428
/education/field_of_study/students_majoring./education/education/specialization	429
/education/field_of_study/students_majoring./education/education/student	430
/education/field_of_study/subdiscipline_of	431
/education/field_of_study/subdisciplines	432
/education/fraternity_sorority/colleges_and_universities	433
/education/fraternity_sorority/colors	434
/education/fraternity_sorority/founded_location	435
/education/school_category/schools_of_this_kind	436
/education/school_district/locations_served	437
/education/school_mascot/school	438
/education/university/domestic_tuition./measurement_unit/dated_money_value/currency	439
/education/university/fraternities_and_sororities	440
/education/university/international_tuition./measurement_unit/dated_money_value/currency	441
/education/university/local_tuition./measurement_unit/dated_money_value/currency	442
/exhibitions/exhibition_sponsor/exhibitions_sponsored./exhibitions/exhibition_run/sponsor	443
/exhibitions/exhibition_sponsor/exhibitions_sponsored./exhibitions/exhibition_run/venue	444
/exhibitions/exhibition_venue/exhibitions_at_this_venue./exhibitions/exhibition_run/sponsor	445
/fictional_universe/character_gender/characters_of_this_gender	446
/fictional_universe/character_occupation/characters_with_this_occupation	447
/fictional_universe/character_powers/characters_with_this_ability	448
/fictional_universe/character_rank/characters_of_this_rank	449
/fictional_universe/character_species/characters_of_this_species	450
/fictional_universe/ethnicity_in_fiction/characters_of_this_ethnicity	451
/fictional_universe/fictional_character/appears_in_these_fictional_universes	452
/fictional_universe/fictional_character/based_on	453
/fictional_universe/fictional_character/character_created_by	454
/fictional_universe/fictional_character/employers./fictional_universe/fictional_employment_tenure/title	455
/fictional_universe/fictional_character/ethnicity	456
/fictional_universe/fictional_character/gender	457
/fictional_universe/fictional_character/married_to./fictional_universe/marriage_of_fictional_characters/spouses	458
/fictional_universe/fictional_character/occupation	459
/fictional_universe/fictional_character/place_of_birth	460
/fictional_universe/fictional_character/powers_or_abilities	461
/fictional_universe/fictional_character/rank	462
/fictional_universe/fictional_character/romantically_involved_with./fictional_universe/romantic_involvement/partner	463
/fictional_universe/fictional_character/species	464
/fictional_universe/fictional_character_creator/fictional_characters_created	465
/fictional_universe/fictional_job_title/fictional_characters_with_this_job./fictional_universe/fictional_employment_tenure/employee	466
/fictional_universe/fictional_setting/fictional_characters_born_here	467
/fictional_universe/fictional_setting/works_set_here	468
/fictional_universe/fictional_universe/characters	469
/fictional_universe/fictional_universe/works_set_here	470
/fictional_universe/person_in_fiction/representations_in_fiction	471
/fictional_universe/work_of_fiction/part_of_these_fictional_universes	472
/fictional_universe/work_of_fiction/setting	473
/film/actor/dubbing_performances./film/dubbing_performance/character	474
/film/actor/dubbing_performances./film/dubbing_performance/film	475
/film/actor/dubbing_performances./film/dubbing_performance/language	476
/film/actor/film./film/performance/character	477
/film/actor/film./film/performance/film	478
/film/actor/film./film/performance/special_performance_type	479
/film/cinematographer/film	480
/film/director/film	481
/film/editor/film	482
/film/film/cinematography	483
/film/film/costume_design_by	484
/film/film/country	485
/film/film/directed_by	486
/film/film/distributors./film/film_film_distributor_relationship/distributor	487
/film/film/distributors./film/film_film_distributor_relationship/film_distribution_medium	488
/film/film/distributors./film/film_film_distributor_relationship/region	489
/film/film/dubbing_performances./film/dubbing_performance/actor	490
/film/film/dubbing_performances./film/dubbing_performance/character	491
/film/film/dubbing_performances./film/dubbing_performance/language	492
/film/film/edited_by	493
/film/film/estimated_budget./measurement_unit/dated_money_value/currency	494
/film/film/executive_produced_by	495
/film/film/featured_film_locations	496
/film/film/film_art_direction_by	497
/film/film/film_casting_director	498
/film/film/film_festivals	499
/film/film/film_format	500
/film/film/film_production_design_by	501
/film/film/film_series	502
/film/film/film_set_decoration_by	503
/film/film/genre	504
/film/film/gross_revenue./measurement_unit/dated_money_value/currency	505
/film/film/language	506
/film/film/music	507
/film/film/other_crew./film/film_crew_gig/crewmember	508
/film/film/other_crew./film/film_crew_gig/film_crew_role	509
/film/film/other_film_companies./film/film_film_company_relationship/film_company	510
/film/film/personal_appearances./film/personal_film_appearance/person	511
/film/film/personal_appearances./film/personal_film_appearance/type_of_appearance	512
/film/film/prequel	513
/film/film/produced_by	514
/film/film/production_companies	515
/film/film/release_date_s./film/film_regional_release_date/film_regional_debut_venue	516
/film/film/release_date_s./film/film_regional_release_date/film_release_distribution_medium	517
/film/film/release_date_s./film/film_regional_release_date/film_release_region	518
/film/film/runtime./film/film_cut/film_release_region	519
/film/film/runtime./film/film_cut/type_of_film_cut	520
/film/film/sequel	521
/film/film/starring./film/performance/actor	522
/film/film/starring./film/performance/character	523
/film/film/starring./film/performance/special_performance_type	524
/film/film/story_by	525
/film/film/subjects	526
/film/film/written_by	527
/film/film_art_director/films_art_directed	528
/film/film_casting_director/films_casting_directed	529
/film/film_character/portrayed_in_films./film/performance/actor	530
/film/film_character/portrayed_in_films./film/performance/film	531
/film/film_character/portrayed_in_films./film/performance/special_performance_type	532
/film/film_character/portrayed_in_films_dubbed./film/dubbing_performance/actor	533
/film/film_character/portrayed_in_films_dubbed./film/dubbing_performance/film	534
/film/film_character/portrayed_in_films_dubbed./film/dubbing_performance/language	535
/film/film_company/films./film/film_film_company_relationship/film	536
/film/film_costumer_designer/costume_design_for_film	537
/film/film_crewmember/films_crewed./film/film_crew_gig/film	538
/film/film_crewmember/films_crewed./film/film_crew_gig/film_crew_role	539
/film/film_distribution_medium/films_distributed_in_this_medium./film/film_film_distributor_relationship/film	540
/film/film_distributor/films_distributed./film/film_film_distributor_relationship/film	541
/film/film_featured_song/performed_by	542
/film/film_festival/individual_festivals	543
/film/film_festival/location	544
/film/film_festival_event/festival	545
/film/film_festival_event/films	546
/film/film_format/film_format	547
/film/film_genre/films_in_this_genre	548
/film/film_job/films_with_this_crew_job./film/film_crew_gig/crewmember	549
/film/film_job/films_with_this_crew_job./film/film_crew_gig/film	550
/film/film_location/featured_in_films	551
/film/film_production_designer/films_production_designed	552
/film/film_series/films_in_series	553
/film/film_set_designer/film_sets_designed	554
/film/film_story_contributor/film_story_credits	555
/film/film_subject/films	556
/film/music_contributor/film	557
/film/person_or_entity_appearing_in_film/films./film/personal_film_appearance/film	558
/film/person_or_entity_appearing_in_film/films./film/personal_film_appearance/type_of_appearance	559
/film/personal_film_appearance_type/film_appearances./film/personal_film_appearance/film	560
/film/personal_film_appearance_type/film_appearances./film/personal_film_appearance/person	561
/film/producer/film	562
/film/producer/films_executive_produced	563
/film/production_company/films	564
/film/special_film_performance_type/film_performance_type./film/performance/actor	565
/film/special_film_performance_type/film_performance_type./film/performance/character	566
/film/special_film_performance_type/film_performance_type./film/performance/film	567
/film/writer/film	568
/finance/currency/countries_formerly_used	569
/finance/currency/countries_used	570
/food/diet/followers	571
/food/diet_follower/follows_diet	572
/food/dietary_restriction/compatible_ingredients	573
/food/dietary_restriction/incompatible_ingredients	574
/food/dish/cuisine	575
/food/food/nutrients./food/nutrition_fact/nutrient	576
/food/ingredient/compatible_with_dietary_restrictions	577
/food/ingredient/cuisine	578
/food/ingredient/incompatible_with_dietary_restrictions	579
/games/game_genre/boardgames	580
/geography/body_of_water/islands	581
/geography/geographical_feature/category	582
/geography/geographical_feature_category/features	583
/geography/island/body_of_water	584
/geography/island/island_group	585
/geography/island_group/islands_in_group	586
/geography/lake/basin_countries	587
/geography/lake/cities	588
/geography/lake/lake_type	589
/geography/lake_type/lakes_of_this_type	590
/geography/river/basin_countries	591
/geography/river/cities	592
/geography/river/mouth	593
/government/form_of_government/countries	594
/government/government_agency/jurisdiction	595
/government/government_office_category/officeholders./government/government_position_held/appointed_by	596
/government/government_office_category/officeholders./government/government_position_held/district_represented	597
/government/government_office_category/officeholders./government/government_position_held/governmental_body	598
/government/government_office_category/officeholders./government/government_position_held/jurisdiction_of_office	599
/government/government_office_category/officeholders./government/government_position_held/legislative_sessions	600
/government/government_office_category/officeholders./government/government_position_held/office_holder	601
/government/government_office_category/officeholders./government/government_position_held/office_position_or_title	602
/government/government_office_category/offices	603
/government/government_office_or_title/category	604
/government/government_office_or_title/governmental_body_if_any	605
/government/government_office_or_title/jurisdiction	606
/government/government_office_or_title/office_holders./government/government_position_held/appointed_by	607
/government/government_office_or_title/office_holders./government/government_position_held/basic_title	608
/government/government_office_or_title/office_holders./government/government_position_held/governmental_body	609
/government/government_office_or_title/office_holders./government/government_position_held/jurisdiction_of_office	610
/government/government_office_or_title/office_holders./government/government_position_held/legislative_sessions	611
/government/government_office_or_title/office_holders./government/government_position_held/office_holder	612
/government/governmental_body/body_this_is_a_component_of	613
/government/governmental_body/component_bodies	614
/government/governmental_body/jurisdiction	615
/government/governmental_body/members./government/government_position_held/appointed_by	616
/government/governmental_body/members./government/government_position_held/basic_title	617
/government/governmental_body/members./government/government_position_held/district_represented	618
/government/governmental_body/members./government/government_position_held/jurisdiction_of_office	619
/government/governmental_body/members./government/government_position_held/legislative_sessions	620
/government/governmental_body/members./government/government_position_held/office_holder	621
/government/governmental_body/members./government/government_position_held/office_position_or_title	622
/government/governmental_body/offices_positions	623
/government/governmental_body/sessions	624
/government/governmental_jurisdiction/agencies	625
/government/governmental_jurisdiction/governing_officials./government/government_position_held/appointed_by	626
/government/governmental_jurisdiction/governing_officials./government/government_position_held/basic_title	627
/government/governmental_jurisdiction/governing_officials./government/government_position_held/district_represented	628
/government/governmental_jurisdiction/governing_officials./government/government_position_held/governmental_body	629
/government/governmental_jurisdiction/governing_officials./government/government_position_held/legislative_sessions	630
/government/governmental_jurisdiction/governing_officials./government/government_position_held/office_holder	631
/government/governmental_jurisdiction/governing_officials./government/government_position_held/office_position_or_title	632
/government/governmental_jurisdiction/government_bodies	633
/government/governmental_jurisdiction/government_positions	634
/government/governmental_jurisdiction/official_symbols./location/location_symbol_relationship/symbol	635
/government/legislative_session/legislature	636
/government/legislative_session/members./government/government_position_held/basic_title	637
/government/legislative_session/members./government/government_position_held/district_represented	638
/government/legislative_session/members./government/government_position_held/governmental_body	639
/government/legislative_session/members./government/government_position_held/jurisdiction_of_office	640
/government/legislative_session/members./government/government_position_held/legislative_sessions	641
/government/legislative_session/members./government/government_position_held/office_holder	642
/government/legislative_session/members./government/government_position_held/office_position_or_title	643
/government/political_appointer/appointees./government/government_position_held/basic_title	644
/government/political_appointer/appointees./government/government_position_held/governmental_body	645
/government/political_appointer/appointees./government/government_position_held/jurisdiction_of_office	646
/government/political_appointer/appointees./government/government_position_held/office_holder	647
/government/political_appointer/appointees./government/government_position_held/office_position_or_title	648
/government/political_district/representatives./government/government_position_held/basic_title	649
/government/political_district/representatives./government/government_position_held/governmental_body	650
/government/political_district/representatives./government/government_position_held/jurisdiction_of_office	651
/government/political_district/representatives./government/government_position_held/legislative_sessions	652
/government/political_district/representatives./government/government_position_held/office_holder	653
/government/political_ideology/political_parties	654
/government/political_party/ideology	655
/government/political_party/politicians_in_this_party./government/political_party_tenure/politician	656
/government/politician/government_positions_held./government/government_position_held/appointed_by	657
/government/politician/government_positions_held./government/government_position_held/basic_title	658
/government/politician/government_positions_held./government/government_position_held/district_represented	659
/government/politician/government_positions_held./government/government_position_held/governmental_body	660
/government/politician/government_positions_held./government/government_position_held/jurisdiction_of_office	661
/government/politician/government_positions_held./government/government_position_held/legislative_sessions	662
/government/politician/government_positions_held./government/government_position_held/office_position_or_title	663
/government/politician/party./government/political_party_tenure/party	664
/ice_hockey/hockey_player/current_team./ice_hockey/hockey_roster_position/position	665
/ice_hockey/hockey_player/current_team./ice_hockey/hockey_roster_position/team	666
/ice_hockey/hockey_player/current_team./sports/sports_team_roster/position	667
/ice_hockey/hockey_player/current_team./sports/sports_team_roster/team	668
/ice_hockey/hockey_player/former_team_s./ice_hockey/hockey_previous_roster_position/team	669
/ice_hockey/hockey_player/former_team_s./sports/sports_team_roster/team	670
/ice_hockey/hockey_player/hockey_position	671
/ice_hockey/hockey_position/players	672
/ice_hockey/hockey_team/current_roster./ice_hockey/hockey_roster_position/player	673
/ice_hockey/hockey_team/current_roster./ice_hockey/hockey_roster_position/position	674
/ice_hockey/hockey_team/current_roster./sports/sports_team_roster/player	675
/ice_hockey/hockey_team/current_roster./sports/sports_team_roster/position	676
/ice_hockey/hockey_team/historical_roster./ice_hockey/hockey_previous_roster_position/player	677
/ice_hockey/hockey_team/historical_roster./sports/sports_team_roster/player	678
/influence/influence_node/influenced	679
/influence/influence_node/influenced_by	680
/influence/influence_node/peers./influence/peer_relationship/peers	681
/interests/collection_category/parent_category	682
/interests/collection_category/sub_categories	683
/internet/website/category	684
/internet/website/owner_new./internet/website_ownership/owner	685
/internet/website_category/sites	686
/internet/website_owner/websites_owned_new./internet/website_ownership/website	687
/language/human_language/countries_spoken_in	688
/language/human_language/dialects	689
/language/human_language/language_family	690
/language/human_language/main_country	691
/language/human_language/region	692
/language/human_language/writing_system	693
/language/language_dialect/language	694
/language/language_family/languages	695
/language/language_writing_system/languages	696
/law/court/judges./law/judicial_tenure/judge	697
/law/invention/inventor	698
/law/inventor/inventions	699
/law/judge/courts./law/judicial_tenure/court	700
/location/administrative_division/capital./location/administrative_division_capital_relationship/capital	701
/location/administrative_division/country	702
/location/administrative_division/first_level_division_of	703
/location/administrative_division/second_level_division_of	704
/location/capital_of_administrative_division/capital_of./location/administrative_division_capital_relationship/administrative_division	705
/location/country/administrative_divisions	706
/location/country/capital	707
/location/country/currency_formerly_used	708
/location/country/currency_used	709
/location/country/first_level_divisions	710
/location/country/form_of_government	711
/location/country/languages_spoken	712
/location/country/official_language	713
/location/country/second_level_divisions	714
/location/hud_county_place/county	715
/location/hud_county_place/place	716
/location/hud_foreclosure_area/estimated_number_foreclosures./measurement_unit/dated_integer/source	717
/location/hud_foreclosure_area/estimated_number_of_mortgages./measurement_unit/dated_integer/source	718
/location/hud_foreclosure_area/hhuniv./measurement_unit/dated_integer/source	719
/location/hud_foreclosure_area/total_90_day_vacant_residential_addresses./measurement_unit/dated_integer/source	720
/location/hud_foreclosure_area/total_residential_addresses./measurement_unit/dated_integer/source	721
/location/it_province/capital	722
/location/location/adjoin_s./location/adjoining_relationship/adjoins	723
/location/location/containedby	724
/location/location/contains	725
/location/location/events	726
/location/location/nearby_airports	727
/location/location/partially_containedby	728
/location/location/partially_contains	729
/location/location/people_born_here	730
/location/location/street_address./location/mailing_address/citytown	731
/location/location/street_address./location/mailing_address/state_province_region	732
/location/location/time_zones	733
/location/neighborhood/neighborhood_of	734
/location/place_with_neighborhoods/neighborhoods	735
/location/statistical_region/gdp_nominal./measurement_unit/dated_money_value/currency	736
/location/statistical_region/gdp_nominal_per_capita./measurement_unit/dated_money_value/currency	737
/location/statistical_region/places_exported_to./location/imports_and_exports/exported_to	738
/location/statistical_region/places_imported_from./location/imports_and_exports/imported_from	739
/location/statistical_region/religions./location/religion_percentage/religion	740
/location/symbol_of_administrative_division/official_symbol_of./location/location_symbol_relationship/administrative_division	741
/location/us_county/county_seat	742
/location/us_county/hud_county_place	743
/martial_arts/martial_art/well_known_practitioner	744
/martial_arts/martial_artist/martial_art	745
/media_common/adaptation/adapted_from	746
/media_common/adapted_work/adaptations	747
/media_common/dedicated_work/dedication./media_common/dedication/dedicated_by	748
/media_common/dedicated_work/dedication./media_common/dedication/dedicated_to	749
/media_common/dedicatee/dedications./media_common/dedication/dedicated_by	750
/media_common/dedicatee/dedications./media_common/dedication/work_dedicated	751
/media_common/dedicator/dedications./media_common/dedication/dedicated_to	752
/media_common/dedicator/dedications./media_common/dedication/work_dedicated	753
/media_common/literary_genre/books_in_this_genre	754
/media_common/media_genre/child_genres	755
/media_common/media_genre/parent_genre	756
/media_common/netflix_genre/titles	757
/media_common/netflix_title/netflix_genres	758
/medicine/disease/causes	759
/medicine/disease/includes_diseases	760
/medicine/disease/medical_specialties	761
/medicine/disease/notable_people_with_this_condition	762
/medicine/disease/parent_disease	763
/medicine/disease/risk_factors	764
/medicine/disease/symptoms	765
/medicine/disease/treatments	766
/medicine/disease_cause/diseases	767
/medicine/drug/active_moieties	768
/medicine/drug/drug_class	769
/medicine/drug/legal_status	770
/medicine/drug_class/drugs	771
/medicine/drug_ingredient/active_moiety_of_drug	772
/medicine/drug_ingredient/more_general_ingredient	773
/medicine/drug_ingredient/more_specific_ingredient	774
/medicine/icd_9_cm_classification/includes_classifications	775
/medicine/icd_9_cm_classification/parent_classification	776
/medicine/infectious_disease/infectious_agent_type	777
/medicine/medical_specialty/diseases_treated	778
/medicine/medical_treatment/used_to_treat	779
/medicine/notable_person_with_medical_condition/condition	780
/medicine/risk_factor/diseases	781
/medicine/symptom/symptom_of	782
/medicine/type_of_infectious_agent/diseases	783
/metropolitan_transit/transit_line/service_type	784
/metropolitan_transit/transit_service_type/transit_lines	785
/metropolitan_transit/transit_system/area_served	786
/military/armed_force/military_posts./military/military_post_use/military_post	787
/military/armed_force/personnel./military/military_service/military_person	788
/military/armed_force/personnel./military/military_service/rank	789
/military/military_combatant/casualties./military/casualties/military_conflict	790
/military/military_combatant/force_deployments./military/force_strength/combatant	791
/military/military_combatant/force_deployments./military/force_strength/military_conflict	792
/military/military_combatant/military_commanders./military/military_command/military_commander	793
/military/military_combatant/military_commanders./military/military_command/military_conflict	794
/military/military_combatant/military_conflicts./military/military_combatant_group/combatants	795
/military/military_combatant/military_conflicts./military/military_combatant_group/conflict	796
/military/military_commander/military_commands./military/military_command/military_combatant	797
/military/military_commander/military_commands./military/military_command/military_conflict	798
/military/military_conflict/casualties./military/casualties/combatant	799
/military/military_conflict/combatants./military/military_combatant_group/combatants	800
/military/military_conflict/commanders./military/military_command/military_combatant	801
/military/military_conflict/commanders./military/military_command/military_commander	802
/military/military_conflict/force_strengths./military/force_strength/combatant	803
/military/military_conflict/military_personnel_involved	804
/military/military_person/participated_in_conflicts	805
/military/military_person/service./military/military_service/military_force	806
/military/military_person/service./military/military_service/rank	807
/military/military_post/used_by_armed_forces./military/military_post_use/armed_force	808
/military/rank/used_by_services./military/military_service/military_force	809
/military/rank/used_by_services./military/military_service/military_person	810
/music/album/artist	811
/music/album/genre	812
/music/album_release_type/albums	813
/music/artist/album	814
/music/artist/contribution./music/recording_contribution/performance_role	815
/music/artist/genre	816
/music/artist/label	817
/music/artist/origin	818
/music/artist/supporting_artists	819
/music/artist/track_contributions./music/track_contribution/role	820
/music/conducted_ensemble/conductors./music/conducting_tenure/conductor	821
/music/conductor/groups./music/conducting_tenure/ensemble	822
/music/genre/albums	823
/music/genre/artists	824
/music/genre/parent_genre	825
/music/genre/subgenre	826
/music/group_member/artists_supported	827
/music/group_member/instruments_played	828
/music/group_member/membership./music/group_membership/group	829
/music/group_member/membership./music/group_membership/role	830
/music/group_member/vocal_range	831
/music/instrument/family	832
/music/instrument/instrumentalists	833
/music/instrument/variation	834
/music/musical_group/member./music/group_membership/member	835
/music/musical_group/member./music/group_membership/role	836
/music/performance_role/guest_performances./music/recording_contribution/contributor	837
/music/performance_role/guest_performances./music/recording_contribution/performance_role	838
/music/performance_role/regular_performances./music/group_membership/group	839
/music/performance_role/regular_performances./music/group_membership/member	840
/music/performance_role/regular_performances./music/group_membership/role	841
/music/performance_role/track_performances./music/track_contribution/contributor	842
/music/performance_role/track_performances./music/track_contribution/role	843
/music/record_label/artist	844
/music/voice/singers	845
/olympics/olympic_athlete/country./olympics/olympic_athlete_affiliation/country	846
/olympics/olympic_athlete/country./olympics/olympic_athlete_affiliation/olympics	847
/olympics/olympic_athlete/country./olympics/olympic_athlete_affiliation/sport	848
/olympics/olympic_athlete/medals_won./olympics/olympic_medal_honor/country	849
/olympics/olympic_athlete/medals_won./olympics/olympic_medal_honor/medal	850
/olympics/olympic_athlete/medals_won./olympics/olympic_medal_honor/medalist	851
/olympics/olympic_athlete/medals_won./olympics/olympic_medal_honor/olympics	852
/olympics/olympic_games/athletes./olympics/olympic_athlete_affiliation/athlete	853
/olympics/olympic_games/athletes./olympics/olympic_athlete_affiliation/country	854
/olympics/olympic_games/athletes./olympics/olympic_athlete_affiliation/sport	855
/olympics/olympic_games/medals_awarded./olympics/olympic_medal_honor/country	856
/olympics/olympic_games/medals_awarded./olympics/olympic_medal_honor/medal	857
/olympics/olympic_games/medals_awarded./olympics/olympic_medal_honor/medalist	858
/olympics/olympic_games/participating_countries	859
/olympics/olympic_games/sports	860
/olympics/olympic_medal/medal_winners./olympics/olympic_medal_honor/country	861
/olympics/olympic_medal/medal_winners./olympics/olympic_medal_honor/medalist	862
/olympics/olympic_medal/medal_winners./olympics/olympic_medal_honor/olympics	863
/olympics/olympic_participating_country/athletes./olympics/olympic_athlete_affiliation/athlete	864
/olympics/olympic_participating_country/athletes./olympics/olympic_athlete_affiliation/olympics	865
/olympics/olympic_participating_country/athletes./olympics/olympic_athlete_affiliation/sport	866
/olympics/olympic_participating_country/medals_won./olympics/olympic_medal_honor/medal	867
/olympics/olympic_participating_country/medals_won./olympics/olympic_medal_honor/medalist	868
/olympics/olympic_participating_country/medals_won./olympics/olympic_medal_honor/olympics	869
/olympics/olympic_participating_country/olympics_participated_in	870
/olympics/olympic_sport/athletes./olympics/olympic_athlete_affiliation/athlete	871
/olympics/olympic_sport/athletes./olympics/olympic_athlete_affiliation/country	872
/olympics/olympic_sport/athletes./olympics/olympic_athlete_affiliation/olympics	873
/olympics/olympic_sport/olympic_games_contested	874
/organization/endowed_organization/endowment./measurement_unit/dated_money_value/currency	875
/organization/membership_organization/members./organization/organization_membership/member	876
/organization/non_profit_organization/registered_with./organization/non_profit_registration/registering_agency	877
/organization/organization/acquired_by./business/acquisition/acquiring_company	878
/organization/organization/board_members./organization/organization_board_membership/member	879
/organization/organization/board_members./organization/organization_board_membership/role	880
/organization/organization/child./organization/organization_relationship/child	881
/organization/organization/companies_acquired./business/acquisition/company_acquired	882
/organization/organization/founders	883
/organization/organization/geographic_scope	884
/organization/organization/headquarters./location/mailing_address/citytown	885
/organization/organization/headquarters./location/mailing_address/country	886
/organization/organization/headquarters./location/mailing_address/state_province_region	887
/organization/organization/involved_in_merger./organization/organization_merger/became_organization	888
/organization/organization/involved_in_merger./organization/organization_merger/organizations_merging	889
/organization/organization/leadership./organization/leadership/person	890
/organization/organization/leadership./organization/leadership/role	891
/organization/organization/legal_structure	892
/organization/organization/organization_type	893
/organization/organization/parent./organization/organization_relationship/parent	894
/organization/organization/phone_number./common/phone_number/category	895
/organization/organization/phone_number./common/phone_number/service_location	896
/organization/organization/place_founded	897
/organization/organization/product_of_merger./organization/organization_merger/organizations_merging	898
/organization/organization/sectors	899
/organization/organization/spin_offs./organization/organization_spin_off/child_company	900
/organization/organization/spun_off_from./organization/organization_spin_off/parent_company	901
/organization/organization_founder/organizations_founded	902
/organization/organization_member/member_of./organization/organization_membership/organization	903
/organization/organization_scope/organizations_with_this_scope	904
/organization/organization_sector/organizations_in_this_sector	905
/organization/organization_type/organizations_of_this_type	906
/organization/role/governors./organization/organization_board_membership/member	907
/organization/role/governors./organization/organization_board_membership/organization	908
/organization/role/leaders./organization/leadership/organization	909
/organization/role/leaders./organization/leadership/person	910
/people/appointed_role/appointment./people/appointment/appointed_by	911
/people/appointed_role/appointment./people/appointment/appointee	912
/people/appointee/position./people/appointment/appointed_by	913
/people/appointee/position./people/appointment/appointed_role	914
/people/appointer/appointment_made./people/appointment/appointed_role	915
/people/appointer/appointment_made./people/appointment/appointee	916
/people/cause_of_death/includes_causes_of_death	917
/people/cause_of_death/parent_cause_of_death	918
/people/cause_of_death/people	919
/people/deceased_person/cause_of_death	920
/people/deceased_person/place_of_burial	921
/people/deceased_person/place_of_cremation	922
/people/deceased_person/place_of_death	923
/people/ethnicity/geographic_distribution	924
/people/ethnicity/included_in_group	925
/people/ethnicity/includes_groups	926
/people/ethnicity/languages_spoken	927
/people/ethnicity/people	928
/people/family/country	929
/people/family/members	930
/people/family_member/family	931
/people/marriage_union_type/unions_of_this_type./people/marriage/location_of_ceremony	932
/people/marriage_union_type/unions_of_this_type./people/marriage/spouse	933
/people/person/children	934
/people/person/education./education/education/degree	935
/people/person/education./education/education/institution	936
/people/person/education./education/education/major_field_of_study	937
/people/person/employment_history./business/employment_tenure/company	938
/people/person/employment_history./business/employment_tenure/title	939
/people/person/ethnicity	940
/people/person/gender	941
/people/person/languages	942
/people/person/nationality	943
/people/person/parents	944
/people/person/place_of_birth	945
/people/person/places_lived./people/place_lived/location	946
/people/person/profession	947
/people/person/religion	948
/people/person/sibling_s./people/sibling_relationship/sibling	949
/people/person/spouse_s./people/marriage/location_of_ceremony	950
/people/person/spouse_s./people/marriage/spouse	951
/people/person/spouse_s./people/marriage/type_of_union	952
/people/place_of_interment/interred_here	953
/people/profession/people_with_this_profession	954
/people/profession/specialization_of	955
/people/profession/specializations	956
/periodicals/newspaper_circulation_area/newspapers	957
/projects/project_participant/projects./projects/project_participation/role	958
/projects/project_role/projects./projects/project_participation/participant	959
/protected_sites/governing_body_of_protected_sites/protected_sites_governed	960
/protected_sites/iucn_category/protected_areas	961
/protected_sites/listed_site/designation_as_natural_or_cultural_site./protected_sites/natural_or_cultural_site_listing/category_or_criteria	962
/protected_sites/listed_site/designation_as_natural_or_cultural_site./protected_sites/natural_or_cultural_site_listing/designation	963
/protected_sites/natural_or_cultural_site_designation/sites./protected_sites/natural_or_cultural_site_listing/listed_site	964
/protected_sites/protected_site/iucn_category	965
/protected_sites/site_listing_category/listed_sites./protected_sites/natural_or_cultural_site_listing/listed_site	966
/religion/deity/deity_of	967
/religion/place_of_worship/religion	968
/religion/religion/deities	969
/religion/religion/includes	970
/religion/religion/is_part_of	971
/religion/religion/notable_figures	972
/religion/religion/organizations	973
/religion/religion/places_of_worship	974
/religion/religion/practices	975
/religion/religion/texts	976
/religion/religious_leader/religious_leadership./religion/religious_organization_leadership/organization	977
/religion/religious_organization/associated_with	978
/religion/religious_organization/leaders./religion/religious_organization_leadership/leader	979
/religion/religious_practice/practice_of	980
/religion/religious_text/religious_text_of	981
/royalty/chivalric_order_member/belongs_to_order./royalty/chivalric_order_membership/order	982
/royalty/kingdom/rulers	983
/royalty/monarch/kingdom	984
/royalty/monarch/royal_line	985
/royalty/noble_title/used_in./royalty/system_title_relationship/system	986
/royalty/order_of_chivalry/recipients./royalty/chivalric_order_membership/recipient	987
/royalty/royal_line/kingdom_s_ruled	988
/royalty/royal_line/monarchs_from_this_line	989
/royalty/system_of_nobility/titles./royalty/system_title_relationship/title	990
/soccer/football_league/teams./soccer/football_league_participation/team	991
/soccer/football_player/current_team./soccer/football_roster_position/position	992
/soccer/football_player/current_team./soccer/football_roster_position/team	993
/soccer/football_player/current_team./sports/sports_team_roster/position	994
/soccer/football_player/current_team./sports/sports_team_roster/team	995
/soccer/football_player/goals_scored./soccer/football_goal/point_awarded_to	996
/soccer/football_player/matches_played./soccer/football_player_match_participation/team	997
/soccer/football_player/position_s	998
/soccer/football_position/players	999
/soccer/football_team/current_roster./soccer/football_roster_position/player	1000
/soccer/football_team/current_roster./soccer/football_roster_position/position	1001
/soccer/football_team/current_roster./sports/sports_team_roster/player	1002
/soccer/football_team/current_roster./sports/sports_team_roster/position	1003
/soccer/football_team/league./soccer/football_league_participation/league	1004
/soccer/football_team/manager./soccer/football_team_management_tenure/manager	1005
/soccer/football_team_manager/team./soccer/football_team_management_tenure/team	1006
/spaceflight/space_agency/astronauts	1007
/sports/drafted_athlete/drafted./sports/sports_league_draft_pick/draft	1008
/sports/drafted_athlete/drafted./sports/sports_league_draft_pick/school	1009
/sports/drafted_athlete/drafted./sports/sports_league_draft_pick/team	1010
/sports/multi_event_tournament/sports	1011
/sports/pro_athlete/sports_played_professionally./sports/pro_sports_played/sport	1012
/sports/pro_athlete/teams./american_football/football_historical_roster_position/position_s	1013
/sports/pro_athlete/teams./american_football/football_historical_roster_position/team	1014
/sports/pro_athlete/teams./american_football/football_roster_position/position	1015
/sports/pro_athlete/teams./american_football/football_roster_position/team	1016
/sports/pro_athlete/teams./baseball/baseball_historical_roster_position/team	1017
/sports/pro_athlete/teams./baseball/baseball_roster_position/position	1018
/sports/pro_athlete/teams./baseball/baseball_roster_position/team	1019
/sports/pro_athlete/teams./basketball/basketball_historical_roster_position/team	1020
/sports/pro_athlete/teams./basketball/basketball_roster_position/position	1021
/sports/pro_athlete/teams./basketball/basketball_roster_position/team	1022
/sports/pro_athlete/teams./ice_hockey/hockey_previous_roster_position/team	1023
/sports/pro_athlete/teams./ice_hockey/hockey_roster_position/position	1024
/sports/pro_athlete/teams./ice_hockey/hockey_roster_position/team	1025
/sports/pro_athlete/teams./soccer/football_roster_position/position	1026
/sports/pro_athlete/teams./soccer/football_roster_position/team	1027
/sports/pro_athlete/teams./sports/sports_team_roster/position	1028
/sports/pro_athlete/teams./sports/sports_team_roster/team	1029
/sports/professional_sports_team/draft_picks./sports/sports_league_draft_pick/draft	1030
/sports/professional_sports_team/draft_picks./sports/sports_league_draft_pick/player	1031
/sports/professional_sports_team/draft_picks./sports/sports_league_draft_pick/school	1032
/sports/professional_sports_team/owner_s	1033
/sports/school_sports_team/school	1034
/sports/sport/leagues	1035
/sports/sport/officials	1036
/sports/sport/pro_athletes./sports/pro_sports_played/athlete	1037
/sports/sport/related_equipment	1038
/sports/sport/teams	1039
/sports/sport_country/athletic_performances./sports/competitor_competition_relationship/competitors	1040
/sports/sports_award_type/winners./sports/sports_award/award_winner	1041
/sports/sports_award_type/winners./sports/sports_award/season	1042
/sports/sports_award_winner/awards./sports/sports_award/award	1043
/sports/sports_award_winner/awards./sports/sports_award/team	1044
/sports/sports_championship_event/champion	1045
/sports/sports_equipment/sport_used_for	1046
/sports/sports_facility/teams	1047
/sports/sports_league/sport	1048
/sports/sports_league/teams./sports/sports_league_participation/team	1049
/sports/sports_league_draft/picks./sports/sports_league_draft_pick/player	1050
/sports/sports_league_draft/picks./sports/sports_league_draft_pick/school	1051
/sports/sports_league_draft/picks./sports/sports_league_draft_pick/team	1052
/sports/sports_league_season/awards./sports/sports_award/award	1053
/sports/sports_official/sport	1054
/sports/sports_position/players./american_football/football_historical_roster_position/player	1055
/sports/sports_position/players./american_football/football_historical_roster_position/position_s	1056
/sports/sports_position/players./american_football/football_historical_roster_position/team	1057
/sports/sports_position/players./american_football/football_roster_position/team	1058
/sports/sports_position/players./baseball/baseball_roster_position/player	1059
/sports/sports_position/players./baseball/baseball_roster_position/team	1060
/sports/sports_position/players./basketball/basketball_roster_position/player	1061
/sports/sports_position/players./basketball/basketball_roster_position/team	1062
/sports/sports_position/players./ice_hockey/hockey_roster_position/player	1063
/sports/sports_position/players./ice_hockey/hockey_roster_position/team	1064
/sports/sports_position/players./soccer/football_roster_position/player	1065
/sports/sports_position/players./soccer/football_roster_position/team	1066
/sports/sports_position/players./sports/sports_team_roster/player	1067
/sports/sports_position/players./sports/sports_team_roster/position	1068
/sports/sports_position/players./sports/sports_team_roster/team	1069
/sports/sports_team/arena_stadium	1070
/sports/sports_team/championships	1071
/sports/sports_team/colors	1072
/sports/sports_team/league./sports/sports_league_participation/league	1073
/sports/sports_team/location	1074
/sports/sports_team/roster./american_football/football_historical_roster_position/player	1075
/sports/sports_team/roster./american_football/football_historical_roster_position/position_s	1076
/sports/sports_team/roster./american_football/football_roster_position/player	1077
/sports/sports_team/roster./american_football/football_roster_position/position	1078
/sports/sports_team/roster./baseball/baseball_historical_roster_position/player	1079
/sports/sports_team/roster./baseball/baseball_roster_position/player	1080
/sports/sports_team/roster./baseball/baseball_roster_position/position	1081
/sports/sports_team/roster./basketball/basketball_historical_roster_position/player	1082
/sports/sports_team/roster./basketball/basketball_roster_position/player	1083
/sports/sports_team/roster./basketball/basketball_roster_position/position	1084
/sports/sports_team/roster./ice_hockey/hockey_previous_roster_position/player	1085
/sports/sports_team/roster./ice_hockey/hockey_roster_position/player	1086
/sports/sports_team/roster./ice_hockey/hockey_roster_position/position	1087
/sports/sports_team/roster./soccer/football_roster_position/player	1088
/sports/sports_team/roster./soccer/football_roster_position/position	1089
/sports/sports_team/roster./sports/sports_team_roster/player	1090
/sports/sports_team/roster./sports/sports_team_roster/position	1091
/sports/sports_team/season_record./sports/sports_team_season_record/season	1092
/sports/sports_team/sport	1093
/sports/sports_team_location/teams	1094
/sports/sports_team_owner/teams_owned	1095
/sports/tournament_event_competitor/events_competed_in./sports/competitor_competition_relationship/country	1096
/symbols/name_source/namesakes	1097
/symbols/namesake/named_after	1098
/tennis/tennis_player/matches_lost./tennis/tennis_match/winner	1099
/tennis/tennis_player/matches_won./tennis/tennis_match/loser	1100
/tennis/tennis_tournament_champion/tennis_titles./tennis/tennis_tournament_championship/winner	1101
/theater/play/country_of_origin	1102
/theater/play/genre	1103
/theater/theater_actor/theater_roles./theater/theater_role/role	1104
/theater/theater_character/portrayed_by./theater/theater_role/actor	1105
/theater/theater_genre/plays_in_this_genre	1106
/time/event/included_in_event	1107
/time/event/includes_event	1108
/time/event/instance_of_recurring_event	1109
/time/event/locations	1110
/time/recurring_event/instances	1111
/time/time_zone/locations_in_this_time_zone	1112
/transportation/bridge/bridge_type	1113
/transportation/bridge/locale	1114
/transportation/bridge_type/bridges_of_this_type	1115
/transportation/road/end1./transportation/road_starting_point/location	1116
/transportation/road/end2./transportation/road_starting_point/location	1117
/transportation/road/major_cities	1118
/travel/tourist_attraction/near_travel_destination	1119
/travel/transport_operator/travel_destinations_served./travel/transportation/mode_of_transportation	1120
/travel/transport_operator/travel_destinations_served./travel/transportation/transport_operator	1121
/travel/transport_operator/travel_destinations_served./travel/transportation/travel_destination	1122
/travel/transport_terminus/travel_destinations_served./travel/transportation/mode_of_transportation	1123
/travel/transport_terminus/travel_destinations_served./travel/transportation/travel_destination	1124
/travel/travel_destination/climate./travel/travel_destination_monthly_climate/month	1125
/travel/travel_destination/how_to_get_here./travel/transportation/mode_of_transportation	1126
/travel/travel_destination/how_to_get_here./travel/transportation/transport_operator	1127
/travel/travel_destination/how_to_get_here./travel/transportation/transport_terminus	1128
/travel/travel_destination/local_transportation	1129
/travel/travel_destination/tourist_attractions	1130
/tv/non_character_role/tv_guest_personal_appearances./tv/tv_guest_personal_appearance/person	1131
/tv/non_character_role/tv_regular_personal_appearances./tv/tv_regular_personal_appearance/person	1132
/tv/non_character_role/tv_regular_personal_appearances./tv/tv_regular_personal_appearance/program	1133
/tv/special_tv_performance_type/episode_performances./tv/tv_guest_role/actor	1134
/tv/special_tv_performance_type/starring_performances./tv/regular_tv_appearance/actor	1135
/tv/special_tv_performance_type/starring_performances./tv/regular_tv_appearance/character	1136
/tv/special_tv_performance_type/starring_performances./tv/regular_tv_appearance/series	1137
/tv/tv_actor/guest_roles./tv/tv_guest_role/character	1138
/tv/tv_actor/guest_roles./tv/tv_guest_role/episodes_appeared_in	1139
/tv/tv_actor/guest_roles./tv/tv_guest_role/special_performance_type	1140
/tv/tv_actor/starring_roles./tv/regular_tv_appearance/character	1141
/tv/tv_actor/starring_roles./tv/regular_tv_appearance/seasons	1142
/tv/tv_actor/starring_roles./tv/regular_tv_appearance/series	1143
/tv/tv_actor/starring_roles./tv/regular_tv_appearance/special_performance_type	1144
/tv/tv_character/appeared_in_tv_episodes./tv/tv_guest_role/actor	1145
/tv/tv_character/appeared_in_tv_program./tv/regular_tv_appearance/actor	1146
/tv/tv_character/appeared_in_tv_program./tv/regular_tv_appearance/series	1147
/tv/tv_character/appeared_in_tv_program./tv/regular_tv_appearance/special_performance_type	1148
/tv/tv_genre/programs	1149
/tv/tv_location/tv_shows_filmed_here	1150
/tv/tv_network/areas_served	1151
/tv/tv_network/programs./tv/tv_network_duration/program	1152
/tv/tv_personality/tv_regular_appearances./tv/tv_regular_personal_appearance/appearance_type	1153
/tv/tv_personality/tv_regular_appearances./tv/tv_regular_personal_appearance/program	1154
/tv/tv_producer/programs_produced./tv/tv_producer_term/producer_type	1155
/tv/tv_producer/programs_produced./tv/tv_producer_term/program	1156
/tv/tv_producer_type/tv_producers_of_this_type./tv/tv_producer_term/producer	1157
/tv/tv_producer_type/tv_producers_of_this_type./tv/tv_producer_term/program	1158
/tv/tv_program/country_of_origin	1159
/tv/tv_program/filming_locations	1160
/tv/tv_program/genre	1161
/tv/tv_program/languages	1162
/tv/tv_program/original_network./tv/tv_network_duration/network	1163
/tv/tv_program/program_creator	1164
/tv/tv_program/recurring_writers./tv/tv_program_writer_relationship/writer	1165
/tv/tv_program/regular_cast./tv/regular_tv_appearance/actor	1166
/tv/tv_program/regular_cast./tv/regular_tv_appearance/character	1167
/tv/tv_program/regular_cast./tv/regular_tv_appearance/seasons	1168
/tv/tv_program/regular_cast./tv/regular_tv_appearance/special_performance_type	1169
/tv/tv_program/regular_personal_appearances./tv/tv_regular_personal_appearance/appearance_type	1170
/tv/tv_program/regular_personal_appearances./tv/tv_regular_personal_appearance/person	1171
/tv/tv_program/seasons	1172
/tv/tv_program/spin_offs	1173
/tv/tv_program/spun_off_from	1174
/tv/tv_program/subjects	1175
/tv/tv_program/tv_producer./tv/tv_producer_term/producer	1176
/tv/tv_program/tv_producer./tv/tv_producer_term/producer_type	1177
/tv/tv_program_creator/programs_created	1178
/tv/tv_program_guest/appeared_on./tv/tv_guest_personal_appearance/appearance_type	1179
/tv/tv_series_episode/guest_stars./tv/tv_guest_role/actor	1180
/tv/tv_series_season/regular_cast./tv/regular_tv_appearance/actor	1181
/tv/tv_series_season/regular_cast./tv/regular_tv_appearance/seasons	1182
/tv/tv_series_season/regular_cast./tv/regular_tv_appearance/series	1183
/tv/tv_series_season/series	1184
/tv/tv_subject/tv_programs	1185
/tv/tv_writer/tv_programs./tv/tv_program_writer_relationship/tv_program	1186
/user/alexander/misc/murdered_person/place_murdered	1187
/user/alexander/philosophy/era/philosophers	1188
/user/alexander/philosophy/philosopher/era	1189
/user/alexander/philosophy/philosopher/interests	1190
/user/alexander/philosophy/subject/philosophers	1191
/user/alexbl/honorary_title/honorary_title/titled_people./user/alexbl/honorary_title/honorary_title_holding/conferred_upon	1192
/user/alexbl/honorary_title/titled_person/honorary_title./user/alexbl/honorary_title/honorary_title_holding/honorary_title	1193
/user/coco/science/concepts_theories/child_concept	1194
/user/coco/science/concepts_theories/parent_concept	1195
/user/hangy/default_domain/sports_team_gender/gender	1196
/user/jg/default_domain/olympic_games/sports	1197
/user/ktrueman/default_domain/international_organization/member_states	1198
/user/lindenb/default_domain/scientist/known_for	1199
/user/mt/default_domain/metabolite/associated_disorder	1200
/user/mt/default_domain/metabolite/biofluid_location	1201
/user/radiusrs/default_domain/astrology/related_topics	1202
/user/robert/military/military_person/participated_in_conflicts	1203
/user/robert/us_congress/congressional_caucus/current_house_members	1204
/user/robert/us_congress/congressional_district/state	1205
/user/robert/us_congress/house_committee/current_members	1206
/user/robert/us_congress/us_representative/committee_memberships	1207
/user/robert/us_congress/us_representative/congressional_caucus_memberships	1208
/user/robert/us_congress/us_representative/state	1209
/user/szaijan/fantasy_football/player/nfl_team	1210
/user/szaijan/fantasy_football/player/position	1211
/user/szaijan/fantasy_football/position/player	1212
/user/tfmorris/default_domain/document/signatories	1213
/user/tfmorris/default_domain/signatory/documents_signed	1214
/user/tsegaran/computer/algorithm/family	1215
/user/tsegaran/computer/algorithm_family/algorithm	1216
/user/tsegaran/random/subject_taxonomy/entry./user/tsegaran/random/taxonomy_entry/subject	1217
/user/tsegaran/random/taxonomy_subject/entry./user/tsegaran/random/taxonomy_entry/taxonomy	1218
/venture_capital/venture_funded_company/venture_investors./venture_capital/venture_investment/investor	1219
/venture_capital/venture_investor/investments./venture_capital/venture_investment/company	1220
/visual_art/art_period_movement/associated_artists	1221
/visual_art/art_subject/artwork_on_the_subject	1222
/visual_art/artwork/art_form	1223
/visual_art/artwork/art_genre	1224
/visual_art/artwork/art_subject	1225
/visual_art/visual_art_form/artists	1226
/visual_art/visual_art_form/artworks	1227
/visual_art/visual_art_genre/artworks	1228
/visual_art/visual_artist/art_forms	1229
/visual_art/visual_artist/associated_periods_or_movements	1230
